;Tag Type, Tag Name, Tag Description, Read Only, Data Source, Security Code, Alarmed, Data Logged, Native Type, Value Type, Min Analog, Max Analog, Initial Analog, Scale, Offset, DeadBand, Units, Off Label Digital, On Label Digital, Initial Digital, Length String, Initial String, Node Name, Address, Scan Class,  System Source Name, System Source Index, RIO Address, Element Size Block, Number Elements Block, Initial Block
;###001 - THIS LINE CONTAINS VERSION INFORMATION. DO NOT REMOVE!!!,,,,,,,,,,,,,,,,,,,,,,,,,,,,,,
,,,,,,,,,,,,,,,,,,,,,,,,,,,,,,
;Folders Section (Must define folders before tags),,,,,,,,,,,,,,,,,,,,,,,,,,,,,,
F,M30,,F,,,,,,,,,,,,,,,,,,,,,,,,,,,
F,M30\MV31,,F,,,,,,,,,,,,,,,,,,,,,,,,,,,
F,M30\MV32,,F,,,,,,,,,,,,,,,,,,,,,,,,,,,
F,M30\MV33,,F,,,,,,,,,,,,,,,,,,,,,,,,,,,
F,M30\MV34,,F,,,,,,,,,,,,,,,,,,,,,,,,,,,
F,M30\SV31,,F,,,,,,,,,,,,,,,,,,,,,,,,,,,
F,M30\SV32,,F,,,,,,,,,,,,,,,,,,,,,,,,,,,
F,M30\SV33,,F,,,,,,,,,,,,,,,,,,,,,,,,,,,
F,M30\SV34,,F,,,,,,,,,,,,,,,,,,,,,,,,,,,
F,M30\SV51,,F,,,,,,,,,,,,,,,,,,,,,,,,,,,
F,M30\SV52,,F,,,,,,,,,,,,,,,,,,,,,,,,,,,
F,M30_PLC5,,F,,,,,,,,,,,,,,,,,,,,,,,,,,,
F,M40,,F,,,,,,,,,,,,,,,,,,,,,,,,,,,
F,M40\FIRE,,F,,,,,,,,,,,,,,,,,,,,,,,,,,,
F,M40\MV41,,F,,,,,,,,,,,,,,,,,,,,,,,,,,,
F,M40\MV42,,F,,,,,,,,,,,,,,,,,,,,,,,,,,,
F,M40\MV43,,F,,,,,,,,,,,,,,,,,,,,,,,,,,,
F,M40\MV44,,F,,,,,,,,,,,,,,,,,,,,,,,,,,,
F,M40\MV45,,F,,,,,,,,,,,,,,,,,,,,,,,,,,,
F,M40\MV46,,F,,,,,,,,,,,,,,,,,,,,,,,,,,,
F,M40\SV19,,F,,,,,,,,,,,,,,,,,,,,,,,,,,,
F,M40\SV20,,F,,,,,,,,,,,,,,,,,,,,,,,,,,,
F,M40\SV21,,F,,,,,,,,,,,,,,,,,,,,,,,,,,,
F,M40\SV22,,F,,,,,,,,,,,,,,,,,,,,,,,,,,,
F,M40\SV23,,F,,,,,,,,,,,,,,,,,,,,,,,,,,,
F,M40\SV24,,F,,,,,,,,,,,,,,,,,,,,,,,,,,,
F,M40\SV25,,F,,,,,,,,,,,,,,,,,,,,,,,,,,,
F,M40\SV26,,F,,,,,,,,,,,,,,,,,,,,,,,,,,,
F,M40\SV31,,F,,,,,,,,,,,,,,,,,,,,,,,,,,,
F,M40\SV32,,F,,,,,,,,,,,,,,,,,,,,,,,,,,,
F,M40\SV33,,F,,,,,,,,,,,,,,,,,,,,,,,,,,,
F,M40\SV34,,F,,,,,,,,,,,,,,,,,,,,,,,,,,,
F,M40\SV41,,F,,,,,,,,,,,,,,,,,,,,,,,,,,,
F,M40\SV42,,F,,,,,,,,,,,,,,,,,,,,,,,,,,,
F,M40\SV43,,F,,,,,,,,,,,,,,,,,,,,,,,,,,,
F,M40\SV44,,F,,,,,,,,,,,,,,,,,,,,,,,,,,,
F,M40\SV5,,F,,,,,,,,,,,,,,,,,,,,,,,,,,,
F,M40\SV51,,F,,,,,,,,,,,,,,,,,,,,,,,,,,,
F,M40\SV52,,F,,,,,,,,,,,,,,,,,,,,,,,,,,,
F,M40\SV53,,F,,,,,,,,,,,,,,,,,,,,,,,,,,,
F,M40\SV54,,F,,,,,,,,,,,,,,,,,,,,,,,,,,,
F,M40\SV6,,F,,,,,,,,,,,,,,,,,,,,,,,,,,,
F,M40\SV7,,F,,,,,,,,,,,,,,,,,,,,,,,,,,,
F,M40_PLC5,,F,,,,,,,,,,,,,,,,,,,,,,,,,,,
,,,,,,,,,,,,,,,,,,,,,,,,,,,,,,
;Tag Section,,,,,,,,,,,,,,,,,,,,,,,,,,,,,,
D,M30\CARR_TBL,M30 T-1 CARRIER TROUBLE,F,D,*,T,F,,,,,,,,,,NORMAL,TROUBLE,NORMAL,,,M30_DTS-R,N42:8/3,F,,,,,,
D,M30\EBO,M30 EMERGENCY BARRIER OVERRIDE,F,D,A,T,F,,,,,,,,,,NORMAL,TROUBLE,NORMAL,,,M30_DTS-R,N45:20/0,A,,,,,,
D,M30\EBO_OPEN,M30 SOUTH EMERGENCY BARRIER OVERRIDE OPEN,F,D,A,T,F,,,,,,,,,,NORMAL,TROUBLE,NORMAL,,,M30_DTS-R,N46:10/0,A,,,,,,
D,M30\EMG_TRBL,ET SYSTEM TROUBLE FROM M30,F,D,*,T,F,,,,,,,,,,NORMAL,ALARM,NORMAL,,,M30_DTS-R,N42:7/13,F,,,,,,
D,M30\ET_ELEV54,ET CALL M30 STA ELEVATOR-54,F,D,*,T,F,,,,,,,,,,ON HOOK,OFF HOOK,ON HOOK,,,M30_DTS-R,N42:7/0,F,,,,,,
D,M30\ET_ELEV55,ET CALL M30 STA ELEVATOR-55,F,D,*,T,F,,,,,,,,,,ON HOOK,OFF HOOK,ON HOOK,,,M30_DTS-R,N42:7/1,F,,,,,,
D,M30\ET_SAB1,ET CALL M30 STATION AGENT BOOTH #1,F,D,*,T,F,,,,,,,,,,ON HOOK,OFF HOOK,ON HOOK,,,M30_DTS-R,N42:7/12,F,,,,,,
D,M30\ET_SAB2,ET CALL M30 STATION AGENT BOOTH #2,F,D,*,T,F,,,,,,,,,,ON HOOK,OFF HOOK,ON HOOK,,,M30_DTS-R,N42:7/11,F,,,,,,
D,M30\ET_SAB3,ET CALL M30 STATION AGENT BOOTH #3,F,D,*,T,F,,,,,,,,,,ON HOOK,OFF HOOK,ON HOOK,,,M30_DTS-R,N42:7/10,F,,,,,,
D,M30\ET_SAB4,ET CALL M30 STATION AGENT BOOTH #4,F,D,*,T,F,,,,,,,,,,ON HOOK,OFF HOOK,ON HOOK,,,M30_DTS-R,N42:7/9,F,,,,,,
D,M30\ET_WYSD_M210,ET CALL M30 WYSD M210,F,D,*,T,F,,,,,,,,,,ON HOOK,OFF HOOK,ON HOOK,,,M30_DTS-R,N42:7/4,F,,,,,,
D,M30\ET_WYSD_M213,ET CALL M30 WYSD M213,F,D,*,T,F,,,,,,,,,,ON HOOK,OFF HOOK,ON HOOK,,,M30_DTS-R,N42:7/5,F,,,,,,
D,M30\ET_WYSD_M214,ET CALL M30 WYSD M214,F,D,*,T,F,,,,,,,,,,ON HOOK,OFF HOOK,ON HOOK,,,M30_DTS-R,N42:7/3,F,,,,,,
D,M30\ET_WYSD_M311,ET CALL M30 WYSD M311,F,D,*,T,F,,,,,,,,,,ON HOOK,OFF HOOK,ON HOOK,,,M30_DTS-R,N42:7/8,F,,,,,,
D,M30\ET_WYSD_M312,ET CALL M30 WYSD M312,F,D,*,T,F,,,,,,,,,,ON HOOK,OFF HOOK,ON HOOK,,,M30_DTS-R,N42:7/6,F,,,,,,
D,M30\ET_WYSD_M315,ET CALL M30 WYSD M315,F,D,*,T,F,,,,,,,,,,ON HOOK,OFF HOOK,ON HOOK,,,M30_DTS-R,N42:7/7,F,,,,,,
D,M30\F_ALM_CON,M30 FIRE: CONCOURSE,F,D,*,T,F,,,,,,,,,,ALARM OFF,ALARM ON,ALARM OFF,,,M30_DTS-R,N42:6/13,F,,,,,,
D,M30\F_ALM_MUNI_LEVEL,M30 FIRE: MUNI LEVEL,F,D,*,T,F,,,,,,,,,,ALARM OFF,ALARM ON,ALARM OFF,,,M30_DTS-R,N42:6/0,F,,,,,,
D,M30\F_ALM_PIP,M30 STANDPIPE WATER FLOW DETECTED,F,D,*,T,F,,,,,,,,,,ALARM OFF,ALARM ON,ALARM OFF,,,M30_DTS-R,N42:6/5,F,,,,,,
D,M30\F_ALM_PLT,M30 FIRE: PLATFORM LEVEL,F,D,*,T,F,,,,,,,,,,ALARM OFF,ALARM ON,ALARM OFF,,,M30_DTS-R,N42:6/12,F,,,,,,
D,M30\F_ALM_PUL,M30 FIRE: MANUAL PULL ACTIVATED,F,D,*,T,F,,,,,,,,,,ALARM OFF,ALARM ON,ALARM OFF,,,M30_DTS-R,N42:6/11,F,,,,,,
D,M30\F_ALM_SPR,M30 SPRINKLER WATERFLOW DET,F,D,*,T,F,,,,,,,,,,ALARM OFF,ALARM ON,ALARM OFF,,,M30_DTS-R,N42:6/4,F,,,,,,
D,M30\F_ALM_WAT,M30 WATER VALVE CLOSED,F,D,*,T,F,,,,,,,,,,ALARM OFF,ALARM ON,ALARM OFF,,,M30_DTS-R,N42:6/3,F,,,,,,
D,M30\FIRE_ALM,M30 FIRE SUMMARY ALARM,F,D,*,T,F,,,,,,,,,,ALARM OFF,ALARM ON,ALARM OFF,,,M30_DTS-R,N42:5/0,F,,,,,,
D,M30\INVR_TRBL,M30 ESSENTIAL POWER TROUBLE,F,D,*,T,F,,,,,,,,,,NORMAL,TROUBLE,NORMAL,,,M30_DTS-R,N42:8/5,F,,,,,,
D,M30\MAINT_TBL,M30 MAINTENANCE PHONE TROUBLE,F,D,*,T,F,,,,,,,,,,NORMAL,TROUBLE,NORMAL,,,M30_DTS-R,N42:8/2,F,,,,,,
D,M30\MV31\ALM_IND,M30 LINE FAN MV31 IN ALARM,F,D,*,T,F,,,,,,,,,,Off,On,Off,,,M30_DTS-R,N42:5/13,F,,,,,,
D,M30\MV31\EXH_CMD,,F,D,*,F,F,,,,,,,,,,Off,On,Off,,,M30_DTS-R,N45:3/11,G,,,,,,
D,M30\MV31\EXH_IND,M30 LINE FAN MV31 IN EXHAUST,F,D,*,F,F,,,,,,,,,,Off,On,Off,,,M30_DTS-R,N42:5/11,F,,,,,,
D,M30\MV31\OFF_CMD,,F,D,*,F,F,,,,,,,,,,Off,On,Off,,,M30_DTS-R,N45:3/13,G,,,,,,
D,M30\MV31\SUP_CMD,,F,D,*,F,F,,,,,,,,,,Off,On,Off,,,M30_DTS-R,N45:3/12,G,,,,,,
D,M30\MV31\SUP_IND,M30 LINE FAN MV31 IN SUPPLY,F,D,*,F,F,,,,,,,,,,Off,On,Off,,,M30_DTS-R,N42:5/12,F,,,,,,
D,M30\MV32\ALM_IND,M30 LINE FAN MV32 IN ALARM,F,D,*,T,F,,,,,,,,,,Off,On,Off,,,M30_DTS-R,N42:5/10,F,,,,,,
D,M30\MV32\EXH_CMD,,F,D,*,F,F,,,,,,,,,,Off,On,Off,,,M30_DTS-R,N45:3/8,G,,,,,,
D,M30\MV32\EXH_IND,M30 LINE FAN MV32 IN EXHAUST,F,D,*,F,F,,,,,,,,,,Off,On,Off,,,M30_DTS-R,N42:5/8,F,,,,,,
D,M30\MV32\OFF_CMD,,F,D,*,F,F,,,,,,,,,,Off,On,Off,,,M30_DTS-R,N45:3/10,G,,,,,,
D,M30\MV32\SUP_CMD,,F,D,*,F,F,,,,,,,,,,Off,On,Off,,,M30_DTS-R,N45:3/9,G,,,,,,
D,M30\MV32\SUP_IND,M30 LINE FAN MV32 IN SUPPLY,F,D,*,F,F,,,,,,,,,,Off,On,Off,,,M30_DTS-R,N42:5/9,F,,,,,,
D,M30\MV33\ALM_IND,M30 LINE FAN MV33 IN ALARM,F,D,*,T,F,,,,,,,,,,Off,On,Off,,,M30_DTS-R,N42:5/7,F,,,,,,
D,M30\MV33\EXH_CMD,,F,D,*,F,F,,,,,,,,,,Off,On,Off,,,M30_DTS-R,N45:3/5,G,,,,,,
D,M30\MV33\EXH_IND,M30 LINE FAN MV33 IN EXHAUST,F,D,*,F,F,,,,,,,,,,Off,On,Off,,,M30_DTS-R,N42:5/5,F,,,,,,
D,M30\MV33\OFF_CMD,,F,D,*,F,F,,,,,,,,,,Off,On,Off,,,M30_DTS-R,N45:3/7,G,,,,,,
D,M30\MV33\SUP_CMD,,F,D,*,F,F,,,,,,,,,,Off,On,Off,,,M30_DTS-R,N45:3/6,G,,,,,,
D,M30\MV33\SUP_IND,M30 LINE FAN MV33 IN SUPPLY,F,D,*,F,F,,,,,,,,,,Off,On,Off,,,M30_DTS-R,N42:5/6,F,,,,,,
D,M30\MV34\ALM_IND,M30 LINE FAN MV34 IN ALARM,F,D,*,T,F,,,,,,,,,,Off,On,Off,,,M30_DTS-R,N42:5/4,F,,,,,,
D,M30\MV34\EXH_CMD,,F,D,*,F,F,,,,,,,,,,Off,On,Off,,,M30_DTS-R,N45:3/2,G,,,,,,
D,M30\MV34\EXH_IND,M30 LINE FAN MV34 IN EXHAUST,F,D,*,F,F,,,,,,,,,,Off,On,Off,,,M30_DTS-R,N42:5/2,F,,,,,,
D,M30\MV34\OFF_CMD,,F,D,*,F,F,,,,,,,,,,Off,On,Off,,,M30_DTS-R,N45:3/4,G,,,,,,
D,M30\MV34\SUP_CMD,,F,D,*,F,F,,,,,,,,,,Off,On,Off,,,M30_DTS-R,N45:3/3,G,,,,,,
D,M30\MV34\SUP_IND,M30 LINE FAN MV34 IN SUPPLY,F,D,*,F,F,,,,,,,,,,Off,On,Off,,,M30_DTS-R,N42:5/3,F,,,,,,
D,M30\NORTH_EBO_OPEN,M30 NORTH EMERGENCY BARRIER OVERRIDE OPEN,F,D,A,T,F,,,,,,,,,,NORMAL,TROUBLE,NORMAL,,,M30_DTS-R,N46:10/8,A,,,,,,
D,M30\PATRON_EBO_PRIMARY,M30 PATRON EBO PRIMARY,F,D,A,T,F,,,,,,,,,,NORMAL,TROUBLE,NORMAL,,,M30_DTS-R,I:004/1,A,,,,,,
D,M30\PATRON_EBO_SECONDARY,M30 PATRON EBO SECONDARY,F,D,A,T,F,,,,,,,,,,NORMAL,TROUBLE,NORMAL,,,M30_DTS-R,I:004/10,A,,,,,,
D,M30\PLT_TRIP,M30 PLATFORM TRIPPED,F,D,A,T,F,,,,,,,,,,NORMAL,TRIPPED,NORMAL,,,M30_DTS-R,N42:8/6,F,,,,,,
D,M30\SUMP_PUMP_PSS_TBL,M30 SUMP PSS TRBL,F,D,A,T,F,,,,,,,,,,NORMAL,TROUBLE,NORMAL,,,M30_DTS-R,N42:8/7,A,,,,,,
D,M30\SV31\ALM_IND,M30 LINE FAN SV31 IN ALARM,F,D,*,T,F,,,,,,,,,,Off,On,Off,,,M30_DTS-R,N42:8/13,F,,,,,,
D,M30\SV31\EXH_CMD,,F,D,*,F,F,,,,,,,,,,Off,On,Off,,,M30_DTS-R,N45:5/11,G,,,,,,
D,M30\SV31\EXH_IND,M30 LINE FAN SV31 IN EXHAUST,F,D,*,F,F,,,,,,,,,,Off,On,Off,,,M30_DTS-R,N42:8/11,F,,,,,,
D,M30\SV31\OFF_CMD,,F,D,*,F,F,,,,,,,,,,Off,On,Off,,,M30_DTS-R,N45:5/13,G,,,,,,
D,M30\SV31\SUP_CMD,,F,D,*,F,F,,,,,,,,,,Off,On,Off,,,M30_DTS-R,N45:5/12,G,,,,,,
D,M30\SV31\SUP_IND,M30 LINE FAN SV31 IN SUPPLY,F,D,*,F,F,,,,,,,,,,Off,On,Off,,,M30_DTS-R,N42:8/12,F,,,,,,
D,M30\SV32\ALM_IND,M30 LINE FAN SV32 IN ALARM,F,D,*,T,F,,,,,,,,,,Off,On,Off,,,M30_DTS-R,N42:8/10,F,,,,,,
D,M30\SV32\EXH_CMD,,F,D,*,F,F,,,,,,,,,,Off,On,Off,,,M30_DTS-R,N45:5/8,G,,,,,,
D,M30\SV32\EXH_IND,M30 LINE FAN SV32 IN EXHAUST,F,D,*,F,F,,,,,,,,,,Off,On,Off,,,M30_DTS-R,N42:8/8,F,,,,,,
D,M30\SV32\OFF_CMD,,F,D,*,F,F,,,,,,,,,,Off,On,Off,,,M30_DTS-R,N45:5/10,G,,,,,,
D,M30\SV32\SUP_CMD,,F,D,*,F,F,,,,,,,,,,Off,On,Off,,,M30_DTS-R,N45:5/9,G,,,,,,
D,M30\SV32\SUP_IND,M30 LINE FAN SV32 IN SUPPLY,F,D,*,F,F,,,,,,,,,,Off,On,Off,,,M30_DTS-R,N42:8/9,F,,,,,,
D,M30\SV33\ALM_IND,M30 LINE FAN SV33 IN ALARM,F,D,*,T,F,,,,,,,,,,Off,On,Off,,,M30_DTS-R,N42:4/5,F,,,,,,
D,M30\SV33\EXH_CMD,,F,D,*,F,F,,,,,,,,,,Off,On,Off,,,M30_DTS-R,N45:5/5,G,,,,,,
D,M30\SV33\EXH_IND,M30 LINE FAN SV33 IN EXHAUST,F,D,*,F,F,,,,,,,,,,Off,On,Off,,,M30_DTS-R,N42:4/3,F,,,,,,
D,M30\SV33\OFF_CMD,,F,D,*,F,F,,,,,,,,,,Off,On,Off,,,M30_DTS-R,N45:5/7,G,,,,,,
D,M30\SV33\SUP_CMD,,F,D,*,F,F,,,,,,,,,,Off,On,Off,,,M30_DTS-R,N45:5/6,G,,,,,,
D,M30\SV33\SUP_IND,M30 LINE FAN SV33 IN SUPPLY,F,D,*,F,F,,,,,,,,,,Off,On,Off,,,M30_DTS-R,N42:4/4,F,,,,,,
D,M30\SV34\ALM_IND,M30 LINE FAN SV34 IN ALARM,F,D,*,T,F,,,,,,,,,,Off,On,Off,,,M30_DTS-R,N42:4/2,F,,,,,,
D,M30\SV34\EXH_CMD,,F,D,*,F,F,,,,,,,,,,Off,On,Off,,,M30_DTS-R,N45:5/2,G,,,,,,
D,M30\SV34\EXH_IND,M30 LINE FAN SV34 IN EXHAUST,F,D,*,F,F,,,,,,,,,,Off,On,Off,,,M30_DTS-R,N42:4/0,F,,,,,,
D,M30\SV34\OFF_CMD,,F,D,*,F,F,,,,,,,,,,Off,On,Off,,,M30_DTS-R,N45:5/4,G,,,,,,
D,M30\SV34\SUP_CMD,,F,D,*,F,F,,,,,,,,,,Off,On,Off,,,M30_DTS-R,N45:5/3,G,,,,,,
D,M30\SV34\SUP_IND,M30 LINE FAN SV34 IN SUPPLY,F,D,*,F,F,,,,,,,,,,Off,On,Off,,,M30_DTS-R,N42:4/1,F,,,,,,
D,M30\SV51\EXH_IND,M30 LINE FAN SV51 IN EXHAUST,F,D,*,F,F,,,,,,,,,,Off,On,Off,,,M30_DTS-R,N42:8/0,F,,,,,,
D,M30\SV51\SUP_IND,M30 LINE FAN SV51 IN SUPPLY,F,D,*,F,F,,,,,,,,,,Off,On,Off,,,M30_DTS-R,N42:8/1,F,,,,,,
D,M30\SV52\EXH_IND,M30 LINE FAN SV52 IN EXHAUST,F,D,*,F,F,,,,,,,,,,Off,On,Off,,,M30_DTS-R,N42:4/6,F,,,,,,
D,M30\SV52\SUP_IND,M30 LINE FAN SV52 IN SUPPLY,F,D,*,F,F,,,,,,,,,,Off,On,Off,,,M30_DTS-R,N42:4/8,F,,,,,,
D,M30\UPS_ALM,M30 UPS SUMMARY ALARM,F,D,*,T,F,,,,,,,,,,ALARM OFF,ALARM ON,ALARM OFF,,,M30_DTS-R,N42:5/14,F,,,,,,
D,M30_ALM_RT,Powell PLC ALARM RESET,F,D,B,F,F,,,,,,,,,,OFF,ON,OFF,,,M30_DTS-R,N45:0/3,G,,,,,,
D,M30_COM_AL,Powell COMMUNICATION STATUS,F,M,*,T,F,,,,,,,,,,NORMAL,FAIL,NORMAL,,,,,,,,,,,
D,M30_COM_IN,Powell PLC COMMUNICATION IND.,F,D,*,F,F,,,,,,,,,,FAIL,NORMAL,FAIL,,,M30_DTS-R,N42:0/3,F,,,,,,
D,M30_PLC5\120V_PS_FAIL,M30 PLC-5 120 VOLT POWER SUPPLY FAILURE,F,D,*,T,F,,,,,,,,,,NORMAL,FAULT,NORMAL,,,M30_DTS-R,N42:9/8,F,,,,,,
D,M30_PLC5\COPRO_FLT,M30 PLC-5 COPROCESSOR FAULT,F,D,*,T,F,,,,,,,,,,NORMAL,FAULT,NORMAL,,,M30_DTS-R,S:11/6,H,,,,,,
A,M30_PLC5\MAJR_FLT,M30 PLC-5 MAJOR FAULT,F,D,*,T,F,U,L,0,310378496,0,1,0,0,,,,,,,M30_DTS-R,S:11,H,,,,,,
A,M30_PLC5\MINR_FLT,M30 PLC-5 MINOR FAULT,F,D,*,F,F,U,L,0,310378496,0,1,0,0,,,,,,,M30_DTS-R,S:10,H,,,,,,
D,M30_PLC5\PLC_PS_FAIL,M30 PLC-5 REDUNDANT POWER SUPPLY FAILURE,F,D,*,T,F,,,,,,,,,,NORMAL,FAULT,NORMAL,,,M30_DTS-R,N42:9/7,F,,,,,,
D,M30_PLC5\PRGR_MODE,M30 PLC-5 IN PROGRAM MODE,F,D,*,F,F,,,,,,,,,,Off,PROGRAM,Off,,,M30_DTS-R,S:1/3,H,,,,,,
D,M30_PLC5\R00_FLT,M30 PLC-5 RACK 00 FAULT,F,D,*,F,F,,,,,,,,,,NORMAL,FAULT,NORMAL,,,M30_DTS-R,N42:9/0,F,,,,,,
D,M30_PLC5\R01_FLT,M30 PLC-5 RACK 01 FAULT,F,D,*,F,F,,,,,,,,,,NORMAL,FAULT,NORMAL,,,M30_DTS-R,N42:9/1,F,,,,,,
D,M30_PLC5\R02_FLT,M30 PLC-5 RACK 02 FAULT,F,D,*,F,F,,,,,,,,,,NORMAL,FAULT,NORMAL,,,M30_DTS-R,N42:9/2,F,,,,,,
D,M30_PLC5\R03_FLT,M30 PLC-5 RACK 03 FAULT,F,D,*,F,F,,,,,,,,,,NORMAL,FAULT,NORMAL,,,M30_DTS-R,N42:9/3,F,,,,,,
D,M30_PLC5\R06_FLT,M30 PLC-5 RACK 06 FAULT,F,D,*,F,F,,,,,,,,,,NORMAL,FAULT,NORMAL,,,M30_DTS-R,N42:9/4,F,,,,,,
D,M30_PLC5\R07_FLT,M30 PLC-5 RACK 07 FAULT,F,D,*,F,F,,,,,,,,,,NORMAL,FAULT,NORMAL,,,M30_DTS-R,N42:9/5,F,,,,,,
D,M30_PLC5\RACK_FLT,M30 PLC-5 RACK FAULT,F,D,*,T,F,,,,,,,,,,NORMAL,FAULT,NORMAL,,,M30_DTS-R,N42:9/6,F,,,,,,
D,M30_PLC5\REM_MODE,M30 PLC-5 MODE SWITCH IN REMOTE,F,D,*,F,F,,,,,,,,,,Off,On,Off,,,M30_DTS-R,S:1/7,H,,,,,,
D,M30_PLC5\RUN_MODE,M30 PLC-5 IN RUN MODE,F,D,*,F,F,,,,,,,,,,Off,On,Off,,,M30_DTS-R,S:1/1,H,,,,,,
A,M30_PLC5\SCAN_LAST,M30 PLC-5 LAST PROGRAM SCAN,F,D,*,F,F,I,L,0,1000,0,1,0,0,,,,,,,M30_DTS-R,S:8,H,,,,,,
A,M30_PLC5\SCAN_MAX,M30 PLC-5 MAXIMUM PROGRAM SCAN,F,D,*,F,F,I,L,0,1000,0,1,0,0,,,,,,,M30_DTS-R,S:9,H,,,,,,
D,M30_PLC5\WTCH_TOUT,M30 PLC-5 WATCHDOG TIMER,F,D,*,T,F,,,,,,,,,,NORMAL,FAULT,NORMAL,,,M30_DTS-R,S:11/8,H,,,,,,
D,M40\CARR_TBL,M40 T-1 CARRIER TROUBLE,F,D,*,T,F,,,,,,,,,,NORMAL,TROUBLE,NORMAL,,,M40_DTS-R,N42:6/3,F,,,,,,
D,M40\EBO,M40 EMERGENCY BARRIER OVERRIDE,F,D,A,T,F,,,,,,,,,,NORMAL,TROUBLE,NORMAL,,,M40_DTS-R,N45:20/0,A,,,,,,
D,M40\EBO_OPEN,M40 SOUTH EMERGENCY BARRIER OVERRIDE OPEN,F,D,A,T,F,,,,,,,,,,NORMAL,TROUBLE,NORMAL,,,M40_DTS-R,N46:10/0,A,,,,,,
D,M40\EMG_TRBL,ET SYSTEM TROUBLE FROM M40,F,D,*,T,F,,,,,,,,,,NORMAL,ALARM,NORMAL,,,M40_DTS-R,N42:5/13,F,,,,,,
D,M40\ET_ELEV56,ET CALL M40 STA ELEVATOR-56,F,D,*,T,F,,,,,,,,,,ON HOOK,OFF HOOK,ON HOOK,,,M40_DTS-R,N42:6/9,F,,,,,,
D,M40\ET_ELEV57,ET CALL M40 STA ELEVATOR-57,F,D,*,T,F,,,,,,,,,,ON HOOK,OFF HOOK,ON HOOK,,,M40_DTS-R,N42:6/10,F,,,,,,
D,M40\ET_SAB1,ET CALL M40 STATION AGENT BOOTH #1,F,D,*,T,F,,,,,,,,,,ON HOOK,OFF HOOK,ON HOOK,,,M40_DTS-R,N42:5/12,F,,,,,,
D,M40\ET_SAB2,ET CALL M40 STATION AGENT BOOTH #2,F,D,*,T,F,,,,,,,,,,ON HOOK,OFF HOOK,ON HOOK,,,M40_DTS-R,N42:5/11,F,,,,,,
D,M40\ET_SAB3,ET CALL M40 STATION AGENT BOOTH #3,F,D,*,T,F,,,,,,,,,,ON HOOK,OFF HOOK,ON HOOK,,,M40_DTS-R,N42:5/10,F,,,,,,
D,M40\ET_WYSD_M310,ET CALL M40 WYSD M310,F,D,*,T,F,,,,,,,,,,ON HOOK,OFF HOOK,ON HOOK,,,M40_DTS-R,N42:6/12,F,,,,,,
D,M40\ET_WYSD_M313,ET CALL M40 WYSD M313,F,D,*,T,F,,,,,,,,,,ON HOOK,OFF HOOK,ON HOOK,,,M40_DTS-R,N42:6/13,F,,,,,,
D,M40\ET_WYSD_M314,ET CALL M40 WYSD M314,F,D,*,T,F,,,,,,,,,,ON HOOK,OFF HOOK,ON HOOK,,,M40_DTS-R,N42:6/11,F,,,,,,
D,M40\ET_WYSD_M411,ET CALL M40 WYSD M411,F,D,*,T,F,,,,,,,,,,ON HOOK,OFF HOOK,ON HOOK,,,M40_DTS-R,N42:5/9,F,,,,,,
D,M40\ET_WYSD_M412,ET CALL M40 WYSD M412,F,D,*,T,F,,,,,,,,,,ON HOOK,OFF HOOK,ON HOOK,,,M40_DTS-R,N42:5/4,F,,,,,,
D,M40\ET_WYSD_M415,ET CALL M40 WYSD M415,F,D,*,T,F,,,,,,,,,,ON HOOK,OFF HOOK,ON HOOK,,,M40_DTS-R,N42:5/8,F,,,,,,
D,M40\ET_WYSD_M416,ET CALL M40 WYSD M416,F,D,*,T,F,,,,,,,,,,ON HOOK,OFF HOOK,ON HOOK,,,M40_DTS-R,N42:5/3,F,,,,,,
D,M40\ET_WYSD_M420,ET CALL M40 WYSD M420,F,D,*,T,F,,,,,,,,,,ON HOOK,OFF HOOK,ON HOOK,,,M40_DTS-R,N42:5/2,F,,,,,,
D,M40\ET_WYSD_M421,ET CALL M40 WYSD M421,F,D,*,T,F,,,,,,,,,,ON HOOK,OFF HOOK,ON HOOK,,,M40_DTS-R,N42:5/7,F,,,,,,
D,M40\ET_WYSD_M424,ET CALL M40 WYSD M424,F,D,*,T,F,,,,,,,,,,ON HOOK,OFF HOOK,ON HOOK,,,M40_DTS-R,N42:5/1,F,,,,,,
D,M40\ET_WYSD_M427,ET CALL M40 WYSD M427,F,D,*,T,F,,,,,,,,,,ON HOOK,OFF HOOK,ON HOOK,,,M40_DTS-R,N42:5/6,F,,,,,,
D,M40\ET_WYSD_M428,ET CALL M40 WYSD M428,F,D,*,T,F,,,,,,,,,,ON HOOK,OFF HOOK,ON HOOK,,,M40_DTS-R,N42:5/0,F,,,,,,
D,M40\ET_WYSD_M431,ET CALL M40 WYSD M431,F,D,*,T,F,,,,,,,,,,ON HOOK,OFF HOOK,ON HOOK,,,M40_DTS-R,N42:5/5,F,,,,,,
D,M40\F_ALM_CON,M40 FIRE: CONCOURSE,F,D,*,T,F,,,,,,,,,,ALARM OFF,ALARM ON,ALARM OFF,,,M40_DTS-R,N42:4/13,F,,,,,,
D,M40\F_ALM_FAN_ROOM,M40 FIRE: LINE FAN ROOM,F,D,*,T,F,,,,,,,,,,ALARM OFF,ALARM ON,ALARM OFF,,,M40_DTS-R,N42:4/2,F,,,,,,
D,M40\F_ALM_MUNI_LEVEL,M40 FIRE: MUNI LEVEL,F,D,*,T,F,,,,,,,,,,ALARM OFF,ALARM ON,ALARM OFF,,,M40_DTS-R,N42:4/0,F,,,,,,
D,M40\F_ALM_PIP,M40 STANDPIPE WATER FLOW DETECTED,F,D,*,T,F,,,,,,,,,,ALARM OFF,ALARM ON,ALARM OFF,,,M40_DTS-R,N42:4/5,F,,,,,,
D,M40\F_ALM_PUL,M40 FIRE: MANUAL PULL ACTIVATED,F,D,*,T,F,,,,,,,,,,ALARM OFF,ALARM ON,ALARM OFF,,,M40_DTS-R,N42:4/11,F,,,,,,
D,M40\F_ALM_TCR,M40 FIRE: TRAIN CONTROL ROOM,F,D,*,T,F,,,,,,,,,,ALARM OFF,ALARM ON,ALARM OFF,,,M40_DTS-R,N42:4/10,F,,,,,,
D,M40\F_ALM_WAT,M40 WATER VALVE CLOSED,F,D,*,T,F,,,,,,,,,,ALARM OFF,ALARM ON,ALARM OFF,,,M40_DTS-R,N42:4/3,F,,,,,,
D,M40\FIRE\M16_FIRE,M16 MUNI FIRE ALARM,F,D,*,T,F,,,,,,,,,,Off,On,Off,,,M40_DTS-R,N42:9/8,G,,,,,,
D,M40\FIRE\M20_FIRE,M20 MUNI FIRE ALARM,F,D,*,T,F,,,,,,,,,,Off,On,Off,,,M40_DTS-R,N42:11/0,G,,,,,,
D,M40\FIRE\M30_FIRE,M30 MUNI FIRE ALARM,F,D,*,T,F,,,,,,,,,,Off,On,Off,,,M40_DTS-R,N42:13/0,G,,,,,,
D,M40\FIRE\M40_FIRE,M40 MUNI FIRE ALARM,F,D,*,T,F,,,,,,,,,,Off,On,Off,,,M40_DTS-R,N42:15/0,G,,,,,,
D,M40\FIRE\MMT_FIRE,MMT MUNI FIRE ALARM,F,D,*,T,F,,,,,,,,,,Off,On,Off,,,M40_DTS-R,N42:19/4,G,,,,,,
D,M40\FIRE\VAN_NESS_FIRE,VAN NESS MUNI FIRE ALARM,F,D,*,T,F,,,,,,,,,,Off,On,Off,,,M40_DTS-R,N42:17/0,G,,,,,,
D,M40\FIRE_ALM,M40 FIRE SUMMARY ALARM,F,D,*,T,F,,,,,,,,,,ALARM OFF,ALARM ON,ALARM OFF,,,M40_DTS-R,N42:2/0,F,,,,,,
D,M40\INVR_TRBL,M40 ESSENTIAL POWER TROUBLE,F,D,*,T,F,,,,,,,,,,NORMAL,TROUBLE,NORMAL,,,M40_DTS-R,N42:6/5,F,,,,,,
D,M40\MAINT_TBL,M40 MAINTENANCE PHONE TROUBLE,F,D,*,T,F,,,,,,,,,,NORMAL,TROUBLE,NORMAL,,,M40_DTS-R,N42:6/2,F,,,,,,
D,M40\MV41\ALM_IND,M40 LINE FAN MV41 IN ALARM,F,D,*,T,F,,,,,,,,,,Off,On,Off,,,M40_DTS-R,N42:2/13,F,,,,,,
D,M40\MV41\EXH_CMD,,F,D,*,F,F,,,,,,,,,,Off,On,Off,,,M40_DTS-R,N45:1/11,G,,,,,,
D,M40\MV41\EXH_IND,M40 LINE FAN MV41 IN EXHAUST,F,D,*,F,F,,,,,,,,,,Off,On,Off,,,M40_DTS-R,N42:2/11,F,,,,,,
D,M40\MV41\OFF_CMD,,F,D,*,F,F,,,,,,,,,,Off,On,Off,,,M40_DTS-R,N45:1/13,G,,,,,,
D,M40\MV41\SUP_CMD,,F,D,*,F,F,,,,,,,,,,Off,On,Off,,,M40_DTS-R,N45:1/12,G,,,,,,
D,M40\MV41\SUP_IND,M40 LINE FAN MV41 IN SUPPLY,F,D,*,F,F,,,,,,,,,,Off,On,Off,,,M40_DTS-R,N42:2/12,F,,,,,,
D,M40\MV42\ALM_IND,M40 LINE FAN MV42 IN ALARM,F,D,*,T,F,,,,,,,,,,Off,On,Off,,,M40_DTS-R,N42:2/10,F,,,,,,
D,M40\MV42\EXH_CMD,,F,D,*,F,F,,,,,,,,,,Off,On,Off,,,M40_DTS-R,N45:1/8,G,,,,,,
D,M40\MV42\EXH_IND,M40 LINE FAN MV42 IN EXHAUST,F,D,*,F,F,,,,,,,,,,Off,On,Off,,,M40_DTS-R,N42:2/8,F,,,,,,
D,M40\MV42\OFF_CMD,,F,D,*,F,F,,,,,,,,,,Off,On,Off,,,M40_DTS-R,N45:1/10,G,,,,,,
D,M40\MV42\SUP_CMD,,F,D,*,F,F,,,,,,,,,,Off,On,Off,,,M40_DTS-R,N45:1/9,G,,,,,,
D,M40\MV42\SUP_IND,M40 LINE FAN MV42 IN SUPPLY,F,D,*,F,F,,,,,,,,,,Off,On,Off,,,M40_DTS-R,N42:2/9,F,,,,,,
D,M40\MV43\ALM_IND,M40 LINE FAN MV43 IN ALARM,F,D,*,T,F,,,,,,,,,,Off,On,Off,,,M40_DTS-R,N42:2/7,F,,,,,,
D,M40\MV43\EXH_CMD,,F,D,*,F,F,,,,,,,,,,Off,On,Off,,,M40_DTS-R,N45:1/5,G,,,,,,
D,M40\MV43\EXH_IND,M40 LINE FAN MV43 IN EXHAUST,F,D,*,F,F,,,,,,,,,,Off,On,Off,,,M40_DTS-R,N42:2/5,F,,,,,,
D,M40\MV43\OFF_CMD,,F,D,*,F,F,,,,,,,,,,Off,On,Off,,,M40_DTS-R,N45:1/7,G,,,,,,
D,M40\MV43\SUP_CMD,,F,D,*,F,F,,,,,,,,,,Off,On,Off,,,M40_DTS-R,N45:1/6,G,,,,,,
D,M40\MV43\SUP_IND,M40 LINE FAN MV43 IN SUPPLY,F,D,*,F,F,,,,,,,,,,Off,On,Off,,,M40_DTS-R,N42:2/6,F,,,,,,
D,M40\MV44\ALM_IND,M40 LINE FAN MV44 IN ALARM,F,D,*,T,F,,,,,,,,,,Off,On,Off,,,M40_DTS-R,N42:2/4,F,,,,,,
D,M40\MV44\EXH_CMD,,F,D,*,F,F,,,,,,,,,,Off,On,Off,,,M40_DTS-R,N45:1/2,G,,,,,,
D,M40\MV44\EXH_IND,M40 LINE FAN MV44 IN EXHAUST,F,D,*,F,F,,,,,,,,,,Off,On,Off,,,M40_DTS-R,N42:2/2,F,,,,,,
D,M40\MV44\OFF_CMD,,F,D,*,F,F,,,,,,,,,,Off,On,Off,,,M40_DTS-R,N45:1/4,G,,,,,,
D,M40\MV44\SUP_CMD,,F,D,*,F,F,,,,,,,,,,Off,On,Off,,,M40_DTS-R,N45:1/3,G,,,,,,
D,M40\MV44\SUP_IND,M40 LINE FAN MV44 IN SUPPLY,F,D,*,F,F,,,,,,,,,,Off,On,Off,,,M40_DTS-R,N42:2/3,F,,,,,,
D,M40\MV45\ALM_IND,M40 LINE FAN MV45 IN ALARM,F,D,*,T,F,,,,,,,,,,Off,On,Off,,,M40_DTS-R,N42:3/13,F,,,,,,
D,M40\MV45\EXH_CMD,,F,D,*,F,F,,,,,,,,,,Off,On,Off,,,M40_DTS-R,N45:2/11,G,,,,,,
D,M40\MV45\EXH_IND,M40 LINE FAN MV45 IN EXHAUST,F,D,*,F,F,,,,,,,,,,Off,On,Off,,,M40_DTS-R,N42:3/11,F,,,,,,
D,M40\MV45\OFF_CMD,,F,D,*,F,F,,,,,,,,,,Off,On,Off,,,M40_DTS-R,N45:2/13,G,,,,,,
D,M40\MV45\SUP_CMD,,F,D,*,F,F,,,,,,,,,,Off,On,Off,,,M40_DTS-R,N45:2/12,G,,,,,,
D,M40\MV45\SUP_IND,M40 LINE FAN MV45 IN SUPPLY,F,D,*,F,F,,,,,,,,,,Off,On,Off,,,M40_DTS-R,N42:3/12,F,,,,,,
D,M40\MV46\ALM_IND,M40 LINE FAN MV46 IN ALARM,F,D,*,T,F,,,,,,,,,,Off,On,Off,,,M40_DTS-R,N42:3/10,F,,,,,,
D,M40\MV46\EXH_CMD,,F,D,*,F,F,,,,,,,,,,Off,On,Off,,,M40_DTS-R,N45:2/8,G,,,,,,
D,M40\MV46\EXH_IND,M40 LINE FAN MV46 IN EXHAUST,F,D,*,F,F,,,,,,,,,,Off,On,Off,,,M40_DTS-R,N42:3/8,F,,,,,,
D,M40\MV46\OFF_CMD,,F,D,*,F,F,,,,,,,,,,Off,On,Off,,,M40_DTS-R,N45:2/10,G,,,,,,
D,M40\MV46\SUP_CMD,,F,D,*,F,F,,,,,,,,,,Off,On,Off,,,M40_DTS-R,N45:2/9,G,,,,,,
D,M40\MV46\SUP_IND,M40 LINE FAN MV46 IN SUPPLY,F,D,*,F,F,,,,,,,,,,Off,On,Off,,,M40_DTS-R,N42:3/9,F,,,,,,
D,M40\NORTH_EBO_OPEN,M40 NORTH EMERGENCY BARRIER OVERRIDE OPEN,F,D,A,T,F,,,,,,,,,,NORMAL,TROUBLE,NORMAL,,,M40_DTS-R,N46:10/8,A,,,,,,
D,M40\PATRON_EBO_MIDDLE,M40 PATRON EBO MIDDLE,F,D,A,T,F,,,,,,,,,,NORMAL,TROUBLE,NORMAL,,,M40_DTS-R,I:004/10,A,,,,,,
D,M40\PATRON_EBO_NORTH,M40 PATRON EBO NORTH,F,D,A,T,F,,,,,,,,,,NORMAL,TROUBLE,NORMAL,,,M40_DTS-R,I:004/1,A,,,,,,
D,M40\PATRON_EBO_SOUTH,M40 PATRON EBO SOUTH,F,D,A,T,F,,,,,,,,,,NORMAL,TROUBLE,NORMAL,,,M40_DTS-R,I:004/12,A,,,,,,
D,M40\PLT_TRIP,M40 PLATFORM TRIPPED,F,D,A,T,F,,,,,,,,,,NORMAL,TRIPPED,NORMAL,,,M40_DTS-R,N42:6/6,F,,,,,,
D,M40\SUMP_PUMP_MCO_TBL,M40 SUMP MCO TRBL,F,D,A,T,F,,,,,,,,,,NORMAL,TROUBLE,NORMAL,,,M40_DTS-R,N42:6/7,A,,,,,,
D,M40\SV19\EXH_IND,SV19 EXHAUST IND,F,D,*,F,F,,,,,,,,,,Off,On,Off,,,M40_DTS-R,N42:18/12,G,,,,,,
D,M40\SV19\OFF_IND,SV19 OFF IND,F,D,*,F,F,,,,,,,,,,Off,On,Off,,,M40_DTS-R,N42:18/15,G,,,,,,
D,M40\SV19\SUP_IND,SV19 SUPPLY IND,F,D,*,F,F,,,,,,,,,,Off,On,Off,,,M40_DTS-R,N42:18/14,G,,,,,,
D,M40\SV20\EXH_IND,SV20 EXHAUST IND,F,D,*,F,F,,,,,,,,,,Off,On,Off,,,M40_DTS-R,N42:19/0,G,,,,,,
D,M40\SV20\OFF_IND,SV20 OFF IND,F,D,*,F,F,,,,,,,,,,Off,On,Off,,,M40_DTS-R,N42:19/3,G,,,,,,
D,M40\SV20\SUP_IND,SV20 SUPPLY IND,F,D,*,F,F,,,,,,,,,,Off,On,Off,,,M40_DTS-R,N42:19/2,G,,,,,,
D,M40\SV21\EXH_IND,SV21 EXHAUST IND,F,D,*,F,F,,,,,,,,,,Off,On,Off,,,M40_DTS-R,N42:9/0,G,,,,,,
D,M40\SV21\OFF_IND,SV21 OFF IND,F,D,*,F,F,,,,,,,,,,Off,On,Off,,,M40_DTS-R,N42:9/3,G,,,,,,
D,M40\SV21\SUP_IND,SV21 SUPPLY IND,F,D,*,F,F,,,,,,,,,,Off,On,Off,,,M40_DTS-R,N42:9/2,G,,,,,,
D,M40\SV22\EXH_IND,SV22 EXHAUST IND,F,D,*,F,F,,,,,,,,,,Off,On,Off,,,M40_DTS-R,N42:9/4,G,,,,,,
D,M40\SV22\OFF_IND,SV22 OFF IND,F,D,*,F,F,,,,,,,,,,Off,On,Off,,,M40_DTS-R,N42:9/7,G,,,,,,
D,M40\SV22\SUP_IND,SV22 SUPPLY IND,F,D,*,F,F,,,,,,,,,,Off,On,Off,,,M40_DTS-R,N42:9/6,G,,,,,,
D,M40\SV23\EXH_IND,SV23 EXHAUST IND,F,D,*,F,F,,,,,,,,,,Off,On,Off,,,M40_DTS-R,N42:10/0,G,,,,,,
D,M40\SV23\OFF_IND,SV23 OFF IND,F,D,*,F,F,,,,,,,,,,Off,On,Off,,,M40_DTS-R,N42:10/3,G,,,,,,
D,M40\SV23\SUP_IND,SV23 SUPPLY IND,F,D,*,F,F,,,,,,,,,,Off,On,Off,,,M40_DTS-R,N42:10/2,G,,,,,,
D,M40\SV24\EXH_IND,SV24 EXHAUST IND,F,D,*,F,F,,,,,,,,,,Off,On,Off,,,M40_DTS-R,N42:10/4,G,,,,,,
D,M40\SV24\OFF_IND,SV24 OFF IND,F,D,*,F,F,,,,,,,,,,Off,On,Off,,,M40_DTS-R,N42:10/7,G,,,,,,
D,M40\SV24\SUP_IND,SV24 SUPPLY IND,F,D,*,F,F,,,,,,,,,,Off,On,Off,,,M40_DTS-R,N42:10/6,G,,,,,,
D,M40\SV25\EXH_IND,SV25 EXHAUST IND,F,D,*,F,F,,,,,,,,,,Off,On,Off,,,M40_DTS-R,N42:10/8,G,,,,,,
D,M40\SV25\OFF_IND,SV25 OFF IND,F,D,*,F,F,,,,,,,,,,Off,On,Off,,,M40_DTS-R,N42:10/11,G,,,,,,
D,M40\SV25\SUP_IND,SV25 SUPPLY IND,F,D,*,F,F,,,,,,,,,,Off,On,Off,,,M40_DTS-R,N42:10/10,G,,,,,,
D,M40\SV26\EXH_IND,SV26 EXHAUST IND,F,D,*,F,F,,,,,,,,,,Off,On,Off,,,M40_DTS-R,N42:10/12,G,,,,,,
D,M40\SV26\OFF_IND,SV26 OFF IND,F,D,*,F,F,,,,,,,,,,Off,On,Off,,,M40_DTS-R,N42:10/15,G,,,,,,
D,M40\SV26\SUP_IND,SV26 SUPPLY IND,F,D,*,F,F,,,,,,,,,,Off,On,Off,,,M40_DTS-R,N42:10/14,G,,,,,,
D,M40\SV31\EXH_IND,SV31 EXHAUST IND,F,D,*,F,F,,,,,,,,,,Off,On,Off,,,M40_DTS-R,N42:12/0,G,,,,,,
D,M40\SV31\OFF_IND,SV31 OFF IND,F,D,*,F,F,,,,,,,,,,Off,On,Off,,,M40_DTS-R,N42:12/3,G,,,,,,
D,M40\SV31\SUP_IND,SV31 SUPPLY IND,F,D,*,F,F,,,,,,,,,,Off,On,Off,,,M40_DTS-R,N42:12/2,G,,,,,,
D,M40\SV32\EXH_IND,SV32 EXHAUST IND,F,D,*,F,F,,,,,,,,,,Off,On,Off,,,M40_DTS-R,N42:12/4,G,,,,,,
D,M40\SV32\OFF_IND,SV32 OFF IND,F,D,*,F,F,,,,,,,,,,Off,On,Off,,,M40_DTS-R,N42:12/7,G,,,,,,
D,M40\SV32\SUP_IND,SV32 SUPPLY IND,F,D,*,F,F,,,,,,,,,,Off,On,Off,,,M40_DTS-R,N42:12/6,G,,,,,,
D,M40\SV33\EXH_IND,SV33 EXHAUST IND,F,D,*,F,F,,,,,,,,,,Off,On,Off,,,M40_DTS-R,N42:12/8,G,,,,,,
D,M40\SV33\OFF_IND,SV33 OFF IND,F,D,*,F,F,,,,,,,,,,Off,On,Off,,,M40_DTS-R,N42:12/11,G,,,,,,
D,M40\SV33\SUP_IND,SV33 SUPPLY IND,F,D,*,F,F,,,,,,,,,,Off,On,Off,,,M40_DTS-R,N42:12/10,G,,,,,,
D,M40\SV34\EXH_IND,SV34 EXHAUST IND,F,D,*,F,F,,,,,,,,,,Off,On,Off,,,M40_DTS-R,N42:12/12,G,,,,,,
D,M40\SV34\OFF_IND,SV34 OFF IND,F,D,*,F,F,,,,,,,,,,Off,On,Off,,,M40_DTS-R,N42:12/15,G,,,,,,
D,M40\SV34\SUP_IND,SV34 SUPPLY IND,F,D,*,F,F,,,,,,,,,,Off,On,Off,,,M40_DTS-R,N42:12/14,G,,,,,,
D,M40\SV41\ALM_IND,SV41 ALARM IND,F,D,*,F,F,,,,,,,,,,Off,On,Off,,,M40_DTS-R,N42:7/13,G,,,,,,
D,M40\SV41\EXH_IND,SV41 EXHAUST IND,F,D,*,F,F,,,,,,,,,,Off,On,Off,,,M40_DTS-R,N42:14/0,G,,,,,,
D,M40\SV41\OFF_IND,SV41 OFF IND,F,D,*,F,F,,,,,,,,,,Off,On,Off,,,M40_DTS-R,N42:14/3,G,,,,,,
D,M40\SV41\SUP_IND,SV41 SUPPLY IND,F,D,*,F,F,,,,,,,,,,Off,On,Off,,,M40_DTS-R,N42:14/2,G,,,,,,
D,M40\SV42\ALM_IND,SV42 ALARM IND,F,D,*,F,F,,,,,,,,,,Off,On,Off,,,M40_DTS-R,N42:7/10,G,,,,,,
D,M40\SV42\EXH_IND,SV42 EXHAUST IND,F,D,*,F,F,,,,,,,,,,Off,On,Off,,,M40_DTS-R,N42:14/4,G,,,,,,
D,M40\SV42\OFF_IND,SV42 OFF_IND,F,D,*,F,F,,,,,,,,,,Off,On,Off,,,M40_DTS-R,N42:14/7,G,,,,,,
D,M40\SV42\SUP_IND,SV42 SUPPLY IND,F,D,*,F,F,,,,,,,,,,Off,On,Off,,,M40_DTS-R,N42:14/6,G,,,,,,
D,M40\SV43\ALM_IND,SV43 ALARM IND,F,D,*,F,F,,,,,,,,,,Off,On,Off,,,M40_DTS-R,N42:7/7,G,,,,,,
D,M40\SV43\EXH_IND,SV43 EXHAUST IND,F,D,*,F,F,,,,,,,,,,Off,On,Off,,,M40_DTS-R,N42:14/8,G,,,,,,
D,M40\SV43\OFF_IND,SV43 OFF IND,F,D,*,F,F,,,,,,,,,,Off,On,Off,,,M40_DTS-R,N42:14/11,G,,,,,,
D,M40\SV43\SUP_IND,SV43 SUPPLY IND,F,D,*,F,F,,,,,,,,,,Off,On,Off,,,M40_DTS-R,N42:14/10,G,,,,,,
D,M40\SV44\ALM_IND,SV44 ALARM IND,F,D,*,F,F,,,,,,,,,,Off,On,Off,,,M40_DTS-R,N42:7/4,G,,,,,,
D,M40\SV44\EXH_IND,SV44 EXHAUST IND,F,D,*,F,F,,,,,,,,,,Off,On,Off,,,M40_DTS-R,N42:14/12,G,,,,,,
D,M40\SV44\OFF_IND,SV44 OFF IND,F,D,*,F,F,,,,,,,,,,Off,On,Off,,,M40_DTS-R,N42:14/15,G,,,,,,
D,M40\SV44\SUP_IND,SV44 SUPPLY IND,F,D,*,F,F,,,,,,,,,,Off,On,Off,,,M40_DTS-R,N42:14/14,G,,,,,,
D,M40\SV51\EXH_IND,SV51 EXHAUST IND,F,D,*,F,F,,,,,,,,,,Off,On,Off,,,M40_DTS-R,N42:16/0,G,,,,,,
D,M40\SV51\OFF_IND,SV51 OFF IND,F,D,*,F,F,,,,,,,,,,Off,On,Off,,,M40_DTS-R,N42:16/3,G,,,,,,
D,M40\SV51\SUP_IND,SV51 SUPPLY IND,F,D,*,F,F,,,,,,,,,,Off,On,Off,,,M40_DTS-R,N42:16/2,G,,,,,,
D,M40\SV52\EXH_IND,SV52 EXHAUST IND,F,D,*,F,F,,,,,,,,,,Off,On,Off,,,M40_DTS-R,N42:16/4,G,,,,,,
D,M40\SV52\OFF_IND,SV52 OFF IND,F,D,*,F,F,,,,,,,,,,Off,On,Off,,,M40_DTS-R,N42:16/7,G,,,,,,
D,M40\SV52\SUP_IND,SV52 SUPPLY IND,F,D,*,F,F,,,,,,,,,,Off,On,Off,,,M40_DTS-R,N42:16/6,G,,,,,,
D,M40\SV53\EXH_IND,SV53 EXHAUST IND,F,D,*,F,F,,,,,,,,,,Off,On,Off,,,M40_DTS-R,N42:16/8,G,,,,,,
D,M40\SV53\OFF_IND,SV53 OFF IND,F,D,*,F,F,,,,,,,,,,Off,On,Off,,,M40_DTS-R,N42:16/11,G,,,,,,
D,M40\SV53\SUP_IND,SV53 SUPPLY IND,F,D,*,F,F,,,,,,,,,,Off,On,Off,,,M40_DTS-R,N42:16/10,G,,,,,,
D,M40\SV54\EXH_IND,SV54 EXHAUST IND,F,D,*,F,F,,,,,,,,,,Off,On,Off,,,M40_DTS-R,N42:16/12,G,,,,,,
D,M40\SV54\OFF_IND,SV54 OFF IND,F,D,*,F,F,,,,,,,,,,Off,On,Off,,,M40_DTS-R,N42:16/15,G,,,,,,
D,M40\SV54\SUP_IND,SV54 SUPPLY IND,F,D,*,F,F,,,,,,,,,,Off,On,Off,,,M40_DTS-R,N42:16/14,G,,,,,,
D,M40\SV5\EXH_IND,SV5 EXHAUST IND,F,D,*,F,F,,,,,,,,,,Off,On,Off,,,M40_DTS-R,N42:18/0,G,,,,,,
D,M40\SV5\OFF_IND,SV5 OFF IND,F,D,*,F,F,,,,,,,,,,Off,On,Off,,,M40_DTS-R,N42:18/3,G,,,,,,
D,M40\SV5\SUP_IND,SV5 SUPPLY IND,F,D,*,F,F,,,,,,,,,,Off,On,Off,,,M40_DTS-R,N42:18/2,G,,,,,,
D,M40\SV6\EXH_IND,SV6 EXHAUST IND,F,D,*,F,F,,,,,,,,,,Off,On,Off,,,M40_DTS-R,N42:18/4,G,,,,,,
D,M40\SV6\OFF_IND,SV6 OFF IND,F,D,*,F,F,,,,,,,,,,Off,On,Off,,,M40_DTS-R,N42:18/7,G,,,,,,
D,M40\SV6\SUP_IND,SV6 SUPPLY IND,F,D,*,F,F,,,,,,,,,,Off,On,Off,,,M40_DTS-R,N42:18/6,G,,,,,,
D,M40\SV7\EXH_IND,SV7 EXHAUST IND,F,D,*,F,F,,,,,,,,,,Off,On,Off,,,M40_DTS-R,N42:18/8,G,,,,,,
D,M40\SV7\OFF_IND,SV7 OFF IND,F,D,*,F,F,,,,,,,,,,Off,On,Off,,,M40_DTS-R,N42:18/11,G,,,,,,
D,M40\SV7\SUP_IND,SV7 SUPPLY IND,F,D,*,F,F,,,,,,,,,,Off,On,Off,,,M40_DTS-R,N42:18/10,G,,,,,,
D,M40_ALM_RT,Civic Center PLC ALARM RESET,F,D,B,F,F,,,,,,,,,,OFF,ON,OFF,,,M40_DTS-R,N45:0/3,G,,,,,,
D,M40_COM_AL,Civic Center COMMUNICATION STATUS,F,M,*,T,F,,,,,,,,,,NORMAL,FAIL,NORMAL,,,,,,,,,,,
D,M40_COM_IN,Civic Center PLC COMMUNICATION IND.,F,D,*,F,F,,,,,,,,,,FAIL,NORMAL,FAIL,,,M40_DTS-R,N42:0/3,F,,,,,,
D,M40_PLC5\120V_PS_FAIL,M40 PLC-5 120 VOLT POWER SUPPLY FAILURE,F,D,*,T,F,,,,,,,,,,NORMAL,FAULT,NORMAL,,,M40_DTS-R,N42:8/6,F,,,,,,
D,M40_PLC5\COPRO_FLT,M40 PLC-5 COPROCESSOR FAULT,F,D,*,T,F,,,,,,,,,,NORMAL,FAULT,NORMAL,,,M40_DTS-R,S:11/6,H,,,,,,
A,M40_PLC5\MAJR_FLT,M40 PLC-5 MAJOR FAULT,F,D,*,T,F,U,L,0,310378496,0,1,0,0,,,,,,,M40_DTS-R,S:11,H,,,,,,
A,M40_PLC5\MINR_FLT,M40 PLC-5 MINOR FAULT,F,D,*,F,F,U,L,0,310378496,0,1,0,0,,,,,,,M40_DTS-R,S:10,H,,,,,,
D,M40_PLC5\PLC_PS_FAIL,M40 PLC-5 REDUNDANT POWER SUPPLY FAILURE,F,D,*,T,F,,,,,,,,,,NORMAL,FAULT,NORMAL,,,M40_DTS-R,N42:8/5,F,,,,,,
D,M40_PLC5\PRGR_MODE,M40 PLC-5 IN PROGRAM MODE,F,D,*,F,F,,,,,,,,,,Off,PROGRAM,Off,,,M40_DTS-R,S:1/3,H,,,,,,
D,M40_PLC5\R00_FLT,M40 PLC-5 RACK 00 FAULT,F,D,*,F,F,,,,,,,,,,NORMAL,FAULT,NORMAL,,,M40_DTS-R,N42:8/0,F,,,,,,
D,M40_PLC5\R01_FLT,M40 PLC-5 RACK 01 FAULT,F,D,*,F,F,,,,,,,,,,NORMAL,FAULT,NORMAL,,,M40_DTS-R,N42:8/1,F,,,,,,
D,M40_PLC5\R02_FLT,M40 PLC-5 RACK 02 FAULT,F,D,*,F,F,,,,,,,,,,NORMAL,FAULT,NORMAL,,,M40_DTS-R,N42:8/2,F,,,,,,
D,M40_PLC5\R03_FLT,M40 PLC-5 RACK 03 FAULT,F,D,*,F,F,,,,,,,,,,NORMAL,FAULT,NORMAL,,,M40_DTS-R,N42:8/3,F,,,,,,
D,M40_PLC5\RACK_FLT,M40 PLC-5 RACK FAULT,F,D,*,T,F,,,,,,,,,,NORMAL,FAULT,NORMAL,,,M40_DTS-R,N42:8/4,F,,,,,,
D,M40_PLC5\REM_MODE,M40 PLC-5 MODE SWITCH IN REMOTE,F,D,*,F,F,,,,,,,,,,Off,On,Off,,,M40_DTS-R,S:1/7,H,,,,,,
D,M40_PLC5\RUN_MODE,M40 PLC-5 IN RUN MODE,F,D,*,F,F,,,,,,,,,,Off,On,Off,,,M40_DTS-R,S:1/1,H,,,,,,
A,M40_PLC5\SCAN_LAST,M40 PLC-5 LAST PROGRAM SCAN,F,D,*,F,F,I,L,0,1000,0,1,0,0,,,,,,,M40_DTS-R,S:8,H,,,,,,
A,M40_PLC5\SCAN_MAX,M40 PLC-5 MAXIMUM PROGRAM SCAN,F,D,*,F,F,I,L,0,1000,0,1,0,0,,,,,,,M40_DTS-R,S:9,H,,,,,,
D,M40_PLC5\WTCH_TOUT,M40 PLC-5 WATCHDOG TIMER,F,D,*,T,F,,,,,,,,,,NORMAL,FAULT,NORMAL,,,M40_DTS-R,S:11/8,H,,,,,,
